{
  "accuracy": 0.9053398058252428,
  "macro_f1": 0.8468177103487078,
  "classes": [
    "H1",
    "H2",
    "H3",
    "H4",
    "TITLE"
  ],
  "confusion_matrix": [
    [
      84,
      4,
      1,
      0,
      5
    ],
    [
      6,
      68,
      1,
      0,
      1
    ],
    [
      1,
      4,
      122,
      7,
      1
    ],
    [
      0,
      0,
      5,
      92,
      0
    ],
    [
      0,
      2,
      1,
      0,
      7
    ]
  ]
}